time,subject,fuzzer,run,cov_type,cov
1772236446,mosquitto,chatafl,1,l_per,16.7
1772236446,mosquitto,chatafl,1,l_abs,1906
1772236446,mosquitto,chatafl,1,b_per,11.5
1772236446,mosquitto,chatafl,1,b_abs,1012
1772236450,mosquitto,chatafl,1,l_per,16.9
1772236450,mosquitto,chatafl,1,l_abs,1927
1772236450,mosquitto,chatafl,1,b_per,11.6
1772236450,mosquitto,chatafl,1,b_abs,1023
1772236455,mosquitto,chatafl,1,l_per,17.0
1772236455,mosquitto,chatafl,1,l_abs,1940
1772236455,mosquitto,chatafl,1,b_per,11.8
1772236455,mosquitto,chatafl,1,b_abs,1036
1772236456,mosquitto,chatafl,1,l_per,17.1
1772236456,mosquitto,chatafl,1,l_abs,1949
1772236456,mosquitto,chatafl,1,b_per,11.8
1772236456,mosquitto,chatafl,1,b_abs,1039
1772236457,mosquitto,chatafl,1,l_per,17.1
1772236457,mosquitto,chatafl,1,l_abs,1951
1772236457,mosquitto,chatafl,1,b_per,11.8
1772236457,mosquitto,chatafl,1,b_abs,1041
1772236458,mosquitto,chatafl,1,l_per,17.1
1772236458,mosquitto,chatafl,1,l_abs,1953
1772236458,mosquitto,chatafl,1,b_per,11.8
1772236458,mosquitto,chatafl,1,b_abs,1042
1772236459,mosquitto,chatafl,1,l_per,17.2
1772236459,mosquitto,chatafl,1,l_abs,1967
1772236459,mosquitto,chatafl,1,b_per,11.9
1772236459,mosquitto,chatafl,1,b_abs,1048
1772236460,mosquitto,chatafl,1,l_per,17.2
1772236460,mosquitto,chatafl,1,l_abs,1967
1772236460,mosquitto,chatafl,1,b_per,11.9
1772236460,mosquitto,chatafl,1,b_abs,1048
1772236460,mosquitto,chatafl,1,l_per,17.2
1772236460,mosquitto,chatafl,1,l_abs,1969
1772236460,mosquitto,chatafl,1,b_per,11.9
1772236460,mosquitto,chatafl,1,b_abs,1051
1772236461,mosquitto,chatafl,1,l_per,17.3
1772236461,mosquitto,chatafl,1,l_abs,1971
1772236461,mosquitto,chatafl,1,b_per,11.9
1772236461,mosquitto,chatafl,1,b_abs,1053
1772236462,mosquitto,chatafl,1,l_per,17.4
1772236462,mosquitto,chatafl,1,l_abs,1985
1772236462,mosquitto,chatafl,1,b_per,12.0
1772236462,mosquitto,chatafl,1,b_abs,1056
1772236463,mosquitto,chatafl,1,l_per,17.4
1772236463,mosquitto,chatafl,1,l_abs,1989
1772236463,mosquitto,chatafl,1,b_per,12.0
1772236463,mosquitto,chatafl,1,b_abs,1058
1772236465,mosquitto,chatafl,1,l_per,17.4
1772236465,mosquitto,chatafl,1,l_abs,1989
1772236465,mosquitto,chatafl,1,b_per,12.0
1772236465,mosquitto,chatafl,1,b_abs,1060
1772236466,mosquitto,chatafl,1,l_per,17.4
1772236466,mosquitto,chatafl,1,l_abs,1989
1772236466,mosquitto,chatafl,1,b_per,12.0
1772236466,mosquitto,chatafl,1,b_abs,1060
1772236466,mosquitto,chatafl,1,l_per,17.4
1772236466,mosquitto,chatafl,1,l_abs,1991
1772236466,mosquitto,chatafl,1,b_per,12.0
1772236466,mosquitto,chatafl,1,b_abs,1061
1772236467,mosquitto,chatafl,1,l_per,17.5
1772236467,mosquitto,chatafl,1,l_abs,2000
1772236467,mosquitto,chatafl,1,b_per,12.1
1772236467,mosquitto,chatafl,1,b_abs,1064
1772236469,mosquitto,chatafl,1,l_per,17.6
1772236469,mosquitto,chatafl,1,l_abs,2009
1772236469,mosquitto,chatafl,1,b_per,12.1
1772236469,mosquitto,chatafl,1,b_abs,1069
1772236470,mosquitto,chatafl,1,l_per,17.7
1772236470,mosquitto,chatafl,1,l_abs,2024
1772236470,mosquitto,chatafl,1,b_per,12.1
1772236470,mosquitto,chatafl,1,b_abs,1071
1772236471,mosquitto,chatafl,1,l_per,17.7
1772236471,mosquitto,chatafl,1,l_abs,2024
1772236471,mosquitto,chatafl,1,b_per,12.1
1772236471,mosquitto,chatafl,1,b_abs,1071
1772236471,mosquitto,chatafl,1,l_per,17.7
1772236471,mosquitto,chatafl,1,l_abs,2026
1772236471,mosquitto,chatafl,1,b_per,12.2
1772236471,mosquitto,chatafl,1,b_abs,1072
1772236473,mosquitto,chatafl,1,l_per,17.8
1772236473,mosquitto,chatafl,1,l_abs,2029
1772236473,mosquitto,chatafl,1,b_per,12.2
1772236473,mosquitto,chatafl,1,b_abs,1073
1772236474,mosquitto,chatafl,1,l_per,17.8
1772236474,mosquitto,chatafl,1,l_abs,2030
1772236474,mosquitto,chatafl,1,b_per,12.2
1772236474,mosquitto,chatafl,1,b_abs,1074
1772236475,mosquitto,chatafl,1,l_per,17.8
1772236475,mosquitto,chatafl,1,l_abs,2030
1772236475,mosquitto,chatafl,1,b_per,12.2
1772236475,mosquitto,chatafl,1,b_abs,1074
1772236476,mosquitto,chatafl,1,l_per,17.8
1772236476,mosquitto,chatafl,1,l_abs,2031
1772236476,mosquitto,chatafl,1,b_per,12.2
1772236476,mosquitto,chatafl,1,b_abs,1075
1772236480,mosquitto,chatafl,1,l_per,17.8
1772236480,mosquitto,chatafl,1,l_abs,2032
1772236480,mosquitto,chatafl,1,b_per,12.2
1772236480,mosquitto,chatafl,1,b_abs,1076
1772236481,mosquitto,chatafl,1,l_per,17.8
1772236481,mosquitto,chatafl,1,l_abs,2033
1772236481,mosquitto,chatafl,1,b_per,12.2
1772236481,mosquitto,chatafl,1,b_abs,1077
1772236483,mosquitto,chatafl,1,l_per,17.8
1772236483,mosquitto,chatafl,1,l_abs,2033
1772236483,mosquitto,chatafl,1,b_per,12.2
1772236483,mosquitto,chatafl,1,b_abs,1078
1772236484,mosquitto,chatafl,1,l_per,17.9
1772236484,mosquitto,chatafl,1,l_abs,2041
1772236484,mosquitto,chatafl,1,b_per,12.3
1772236484,mosquitto,chatafl,1,b_abs,1081
1772236485,mosquitto,chatafl,1,l_per,17.9
1772236485,mosquitto,chatafl,1,l_abs,2042
1772236485,mosquitto,chatafl,1,b_per,12.3
1772236485,mosquitto,chatafl,1,b_abs,1082
1772236487,mosquitto,chatafl,1,l_per,17.9
1772236487,mosquitto,chatafl,1,l_abs,2042
1772236487,mosquitto,chatafl,1,b_per,12.3
1772236487,mosquitto,chatafl,1,b_abs,1082
1772236488,mosquitto,chatafl,1,l_per,17.9
1772236488,mosquitto,chatafl,1,l_abs,2049
1772236488,mosquitto,chatafl,1,b_per,12.3
1772236488,mosquitto,chatafl,1,b_abs,1085
1772236491,mosquitto,chatafl,1,l_per,18.0
1772236491,mosquitto,chatafl,1,l_abs,2057
1772236491,mosquitto,chatafl,1,b_per,12.4
1772236491,mosquitto,chatafl,1,b_abs,1090
1772236492,mosquitto,chatafl,1,l_per,18.0
1772236492,mosquitto,chatafl,1,l_abs,2057
1772236492,mosquitto,chatafl,1,b_per,12.4
1772236492,mosquitto,chatafl,1,b_abs,1090
1772236494,mosquitto,chatafl,1,l_per,18.0
1772236494,mosquitto,chatafl,1,l_abs,2059
1772236494,mosquitto,chatafl,1,b_per,12.4
1772236494,mosquitto,chatafl,1,b_abs,1092
1772236496,mosquitto,chatafl,1,l_per,18.0
1772236496,mosquitto,chatafl,1,l_abs,2059
1772236496,mosquitto,chatafl,1,b_per,12.4
1772236496,mosquitto,chatafl,1,b_abs,1092
1772236499,mosquitto,chatafl,1,l_per,18.0
1772236499,mosquitto,chatafl,1,l_abs,2060
1772236499,mosquitto,chatafl,1,b_per,12.4
1772236499,mosquitto,chatafl,1,b_abs,1093
1772236501,mosquitto,chatafl,1,l_per,18.0
1772236501,mosquitto,chatafl,1,l_abs,2061
1772236501,mosquitto,chatafl,1,b_per,12.4
1772236501,mosquitto,chatafl,1,b_abs,1094
1772236507,mosquitto,chatafl,1,l_per,18.1
1772236507,mosquitto,chatafl,1,l_abs,2071
1772236507,mosquitto,chatafl,1,b_per,12.5
1772236507,mosquitto,chatafl,1,b_abs,1102
1772236508,mosquitto,chatafl,1,l_per,18.2
1772236508,mosquitto,chatafl,1,l_abs,2074
1772236508,mosquitto,chatafl,1,b_per,12.5
1772236508,mosquitto,chatafl,1,b_abs,1103
1772236510,mosquitto,chatafl,1,l_per,18.2
1772236510,mosquitto,chatafl,1,l_abs,2082
1772236510,mosquitto,chatafl,1,b_per,12.5
1772236510,mosquitto,chatafl,1,b_abs,1106
1772236513,mosquitto,chatafl,1,l_per,18.2
1772236513,mosquitto,chatafl,1,l_abs,2082
1772236513,mosquitto,chatafl,1,b_per,12.6
1772236513,mosquitto,chatafl,1,b_abs,1107
1772236516,mosquitto,chatafl,1,l_per,18.2
1772236516,mosquitto,chatafl,1,l_abs,2082
1772236516,mosquitto,chatafl,1,b_per,12.6
1772236516,mosquitto,chatafl,1,b_abs,1107
1772236520,mosquitto,chatafl,1,l_per,18.2
1772236520,mosquitto,chatafl,1,l_abs,2084
1772236520,mosquitto,chatafl,1,b_per,12.6
1772236520,mosquitto,chatafl,1,b_abs,1108
1772236522,mosquitto,chatafl,1,l_per,18.3
1772236522,mosquitto,chatafl,1,l_abs,2093
1772236522,mosquitto,chatafl,1,b_per,12.6
1772236522,mosquitto,chatafl,1,b_abs,1111
1772236527,mosquitto,chatafl,1,l_per,18.3
1772236527,mosquitto,chatafl,1,l_abs,2093
1772236527,mosquitto,chatafl,1,b_per,12.6
1772236527,mosquitto,chatafl,1,b_abs,1111
1772236533,mosquitto,chatafl,1,l_per,18.3
1772236533,mosquitto,chatafl,1,l_abs,2093
1772236533,mosquitto,chatafl,1,b_per,12.6
1772236533,mosquitto,chatafl,1,b_abs,1111
1772236534,mosquitto,chatafl,1,l_per,18.4
1772236534,mosquitto,chatafl,1,l_abs,2097
1772236534,mosquitto,chatafl,1,b_per,12.6
1772236534,mosquitto,chatafl,1,b_abs,1113
1772236536,mosquitto,chatafl,1,l_per,18.4
1772236536,mosquitto,chatafl,1,l_abs,2097
1772236536,mosquitto,chatafl,1,b_per,12.6
1772236536,mosquitto,chatafl,1,b_abs,1115
1772236538,mosquitto,chatafl,1,l_per,18.4
1772236538,mosquitto,chatafl,1,l_abs,2100
1772236538,mosquitto,chatafl,1,b_per,12.7
1772236538,mosquitto,chatafl,1,b_abs,1118
1772236546,mosquitto,chatafl,1,l_per,18.7
1772236546,mosquitto,chatafl,1,l_abs,2140
1772236546,mosquitto,chatafl,1,b_per,13.0
1772236546,mosquitto,chatafl,1,b_abs,1145
1772236554,mosquitto,chatafl,1,l_per,18.7
1772236554,mosquitto,chatafl,1,l_abs,2140
1772236554,mosquitto,chatafl,1,b_per,13.0
1772236554,mosquitto,chatafl,1,b_abs,1145
1772236557,mosquitto,chatafl,1,l_per,18.7
1772236557,mosquitto,chatafl,1,l_abs,2140
1772236557,mosquitto,chatafl,1,b_per,13.0
1772236557,mosquitto,chatafl,1,b_abs,1145
1772236562,mosquitto,chatafl,1,l_per,18.7
1772236562,mosquitto,chatafl,1,l_abs,2140
1772236562,mosquitto,chatafl,1,b_per,13.0
1772236562,mosquitto,chatafl,1,b_abs,1147
1772236565,mosquitto,chatafl,1,l_per,18.8
1772236565,mosquitto,chatafl,1,l_abs,2143
1772236565,mosquitto,chatafl,1,b_per,13.0
1772236565,mosquitto,chatafl,1,b_abs,1148
1772236568,mosquitto,chatafl,1,l_per,18.8
1772236568,mosquitto,chatafl,1,l_abs,2143
1772236568,mosquitto,chatafl,1,b_per,13.0
1772236568,mosquitto,chatafl,1,b_abs,1148
1772236572,mosquitto,chatafl,1,l_per,18.8
1772236572,mosquitto,chatafl,1,l_abs,2144
1772236572,mosquitto,chatafl,1,b_per,13.0
1772236572,mosquitto,chatafl,1,b_abs,1149
1772236577,mosquitto,chatafl,1,l_per,19.1
1772236577,mosquitto,chatafl,1,l_abs,2180
1772236577,mosquitto,chatafl,1,b_per,13.3
1772236577,mosquitto,chatafl,1,b_abs,1168
1772236587,mosquitto,chatafl,1,l_per,19.1
1772236587,mosquitto,chatafl,1,l_abs,2180
1772236587,mosquitto,chatafl,1,b_per,13.3
1772236587,mosquitto,chatafl,1,b_abs,1170
1772236595,mosquitto,chatafl,1,l_per,19.1
1772236595,mosquitto,chatafl,1,l_abs,2180
1772236595,mosquitto,chatafl,1,b_per,13.3
1772236595,mosquitto,chatafl,1,b_abs,1171
1772236599,mosquitto,chatafl,1,l_per,19.1
1772236599,mosquitto,chatafl,1,l_abs,2180
1772236599,mosquitto,chatafl,1,b_per,13.3
1772236599,mosquitto,chatafl,1,b_abs,1171
1772236607,mosquitto,chatafl,1,l_per,19.1
1772236607,mosquitto,chatafl,1,l_abs,2182
1772236607,mosquitto,chatafl,1,b_per,13.3
1772236607,mosquitto,chatafl,1,b_abs,1172
1772236608,mosquitto,chatafl,1,l_per,19.3
1772236608,mosquitto,chatafl,1,l_abs,2202
1772236608,mosquitto,chatafl,1,b_per,13.4
1772236608,mosquitto,chatafl,1,b_abs,1182
1772236609,mosquitto,chatafl,1,l_per,19.3
1772236609,mosquitto,chatafl,1,l_abs,2202
1772236609,mosquitto,chatafl,1,b_per,13.4
1772236609,mosquitto,chatafl,1,b_abs,1182
1772236611,mosquitto,chatafl,1,l_per,19.3
1772236611,mosquitto,chatafl,1,l_abs,2203
1772236611,mosquitto,chatafl,1,b_per,13.4
1772236611,mosquitto,chatafl,1,b_abs,1183
1772236612,mosquitto,chatafl,1,l_per,19.5
1772236612,mosquitto,chatafl,1,l_abs,2226
1772236612,mosquitto,chatafl,1,b_per,13.6
1772236612,mosquitto,chatafl,1,b_abs,1196
1772236613,mosquitto,chatafl,1,l_per,19.5
1772236613,mosquitto,chatafl,1,l_abs,2231
1772236613,mosquitto,chatafl,1,b_per,13.6
1772236613,mosquitto,chatafl,1,b_abs,1198
1772236615,mosquitto,chatafl,1,l_per,19.5
1772236615,mosquitto,chatafl,1,l_abs,2231
1772236615,mosquitto,chatafl,1,b_per,13.6
1772236615,mosquitto,chatafl,1,b_abs,1199
1772236617,mosquitto,chatafl,1,l_per,19.6
1772236617,mosquitto,chatafl,1,l_abs,2235
1772236617,mosquitto,chatafl,1,b_per,13.6
1772236617,mosquitto,chatafl,1,b_abs,1200
1772236618,mosquitto,chatafl,1,l_per,19.6
1772236618,mosquitto,chatafl,1,l_abs,2238
1772236618,mosquitto,chatafl,1,b_per,13.6
1772236618,mosquitto,chatafl,1,b_abs,1201
1772236620,mosquitto,chatafl,1,l_per,19.6
1772236620,mosquitto,chatafl,1,l_abs,2238
1772236620,mosquitto,chatafl,1,b_per,13.6
1772236620,mosquitto,chatafl,1,b_abs,1202
1772236622,mosquitto,chatafl,1,l_per,19.7
1772236622,mosquitto,chatafl,1,l_abs,2245
1772236622,mosquitto,chatafl,1,b_per,13.7
1772236622,mosquitto,chatafl,1,b_abs,1206
1772236622,mosquitto,chatafl,1,l_per,19.7
1772236622,mosquitto,chatafl,1,l_abs,2245
1772236622,mosquitto,chatafl,1,b_per,13.7
1772236622,mosquitto,chatafl,1,b_abs,1206
1772236625,mosquitto,chatafl,1,l_per,19.7
1772236625,mosquitto,chatafl,1,l_abs,2245
1772236625,mosquitto,chatafl,1,b_per,13.7
1772236625,mosquitto,chatafl,1,b_abs,1207
1772236631,mosquitto,chatafl,1,l_per,19.7
1772236631,mosquitto,chatafl,1,l_abs,2248
1772236631,mosquitto,chatafl,1,b_per,13.7
1772236631,mosquitto,chatafl,1,b_abs,1209
1772236634,mosquitto,chatafl,1,l_per,19.7
1772236634,mosquitto,chatafl,1,l_abs,2248
1772236634,mosquitto,chatafl,1,b_per,13.7
1772236634,mosquitto,chatafl,1,b_abs,1210
1772236635,mosquitto,chatafl,1,l_per,19.7
1772236635,mosquitto,chatafl,1,l_abs,2248
1772236635,mosquitto,chatafl,1,b_per,13.7
1772236635,mosquitto,chatafl,1,b_abs,1210
1772236637,mosquitto,chatafl,1,l_per,19.7
1772236637,mosquitto,chatafl,1,l_abs,2248
1772236637,mosquitto,chatafl,1,b_per,13.7
1772236637,mosquitto,chatafl,1,b_abs,1211
1772236639,mosquitto,chatafl,1,l_per,19.7
1772236639,mosquitto,chatafl,1,l_abs,2248
1772236639,mosquitto,chatafl,1,b_per,13.7
1772236639,mosquitto,chatafl,1,b_abs,1212
1772236641,mosquitto,chatafl,1,l_per,19.7
1772236641,mosquitto,chatafl,1,l_abs,2251
1772236641,mosquitto,chatafl,1,b_per,13.8
1772236641,mosquitto,chatafl,1,b_abs,1213
1772236642,mosquitto,chatafl,1,l_per,19.7
1772236642,mosquitto,chatafl,1,l_abs,2253
1772236642,mosquitto,chatafl,1,b_per,13.8
1772236642,mosquitto,chatafl,1,b_abs,1216
1772236644,mosquitto,chatafl,1,l_per,19.8
1772236644,mosquitto,chatafl,1,l_abs,2259
1772236644,mosquitto,chatafl,1,b_per,13.8
1772236644,mosquitto,chatafl,1,b_abs,1218
1772236645,mosquitto,chatafl,1,l_per,19.8
1772236645,mosquitto,chatafl,1,l_abs,2260
1772236645,mosquitto,chatafl,1,b_per,13.8
1772236645,mosquitto,chatafl,1,b_abs,1219
1772236646,mosquitto,chatafl,1,l_per,19.8
1772236646,mosquitto,chatafl,1,l_abs,2263
1772236646,mosquitto,chatafl,1,b_per,13.8
1772236646,mosquitto,chatafl,1,b_abs,1220
1772236647,mosquitto,chatafl,1,l_per,19.8
1772236647,mosquitto,chatafl,1,l_abs,2263
1772236647,mosquitto,chatafl,1,b_per,13.8
1772236647,mosquitto,chatafl,1,b_abs,1220
1772236654,mosquitto,chatafl,1,l_per,19.8
1772236654,mosquitto,chatafl,1,l_abs,2263
1772236654,mosquitto,chatafl,1,b_per,13.9
1772236654,mosquitto,chatafl,1,b_abs,1221
1772236657,mosquitto,chatafl,1,l_per,19.9
1772236657,mosquitto,chatafl,1,l_abs,2276
1772236657,mosquitto,chatafl,1,b_per,13.9
1772236657,mosquitto,chatafl,1,b_abs,1228
1772236664,mosquitto,chatafl,1,l_per,19.9
1772236664,mosquitto,chatafl,1,l_abs,2276
1772236664,mosquitto,chatafl,1,b_per,13.9
1772236664,mosquitto,chatafl,1,b_abs,1228
1772236671,mosquitto,chatafl,1,l_per,20.0
1772236671,mosquitto,chatafl,1,l_abs,2280
1772236671,mosquitto,chatafl,1,b_per,14.0
1772236671,mosquitto,chatafl,1,b_abs,1233
1772236678,mosquitto,chatafl,1,l_per,20.0
1772236678,mosquitto,chatafl,1,l_abs,2280
1772236678,mosquitto,chatafl,1,b_per,14.0
1772236678,mosquitto,chatafl,1,b_abs,1233
1772236680,mosquitto,chatafl,1,l_per,20.0
1772236680,mosquitto,chatafl,1,l_abs,2280
1772236680,mosquitto,chatafl,1,b_per,14.0
1772236680,mosquitto,chatafl,1,b_abs,1234
1772236682,mosquitto,chatafl,1,l_per,20.0
1772236682,mosquitto,chatafl,1,l_abs,2280
1772236682,mosquitto,chatafl,1,b_per,14.0
1772236682,mosquitto,chatafl,1,b_abs,1234
1772236686,mosquitto,chatafl,1,l_per,20.0
1772236686,mosquitto,chatafl,1,l_abs,2280
1772236686,mosquitto,chatafl,1,b_per,14.0
1772236686,mosquitto,chatafl,1,b_abs,1234
1772236699,mosquitto,chatafl,1,l_per,20.0
1772236699,mosquitto,chatafl,1,l_abs,2280
1772236699,mosquitto,chatafl,1,b_per,14.0
1772236699,mosquitto,chatafl,1,b_abs,1234
1772236706,mosquitto,chatafl,1,l_per,20.0
1772236706,mosquitto,chatafl,1,l_abs,2283
1772236706,mosquitto,chatafl,1,b_per,14.0
1772236706,mosquitto,chatafl,1,b_abs,1235
1772236707,mosquitto,chatafl,1,l_per,20.0
1772236707,mosquitto,chatafl,1,l_abs,2283
1772236707,mosquitto,chatafl,1,b_per,14.0
1772236707,mosquitto,chatafl,1,b_abs,1236
1772236709,mosquitto,chatafl,1,l_per,20.0
1772236709,mosquitto,chatafl,1,l_abs,2286
1772236709,mosquitto,chatafl,1,b_per,14.0
1772236709,mosquitto,chatafl,1,b_abs,1237
1772236714,mosquitto,chatafl,1,l_per,20.0
1772236714,mosquitto,chatafl,1,l_abs,2286
1772236714,mosquitto,chatafl,1,b_per,14.0
1772236714,mosquitto,chatafl,1,b_abs,1238
1772236721,mosquitto,chatafl,1,l_per,20.0
1772236721,mosquitto,chatafl,1,l_abs,2286
1772236721,mosquitto,chatafl,1,b_per,14.0
1772236721,mosquitto,chatafl,1,b_abs,1238
1772236724,mosquitto,chatafl,1,l_per,20.1
1772236724,mosquitto,chatafl,1,l_abs,2293
1772236724,mosquitto,chatafl,1,b_per,14.1
1772236724,mosquitto,chatafl,1,b_abs,1243
1772236738,mosquitto,chatafl,1,l_per,20.1
1772236738,mosquitto,chatafl,1,l_abs,2293
1772236738,mosquitto,chatafl,1,b_per,14.1
1772236738,mosquitto,chatafl,1,b_abs,1244
1772236745,mosquitto,chatafl,1,l_per,20.1
1772236745,mosquitto,chatafl,1,l_abs,2293
1772236745,mosquitto,chatafl,1,b_per,14.1
1772236745,mosquitto,chatafl,1,b_abs,1244
1772236758,mosquitto,chatafl,1,l_per,20.1
1772236758,mosquitto,chatafl,1,l_abs,2293
1772236758,mosquitto,chatafl,1,b_per,14.1
1772236758,mosquitto,chatafl,1,b_abs,1244
1772236759,mosquitto,chatafl,1,l_per,20.1
1772236759,mosquitto,chatafl,1,l_abs,2293
1772236759,mosquitto,chatafl,1,b_per,14.1
1772236759,mosquitto,chatafl,1,b_abs,1244
1772236760,mosquitto,chatafl,1,l_per,21.2
1772236760,mosquitto,chatafl,1,l_abs,2423
1772236760,mosquitto,chatafl,1,b_per,15.0
1772236760,mosquitto,chatafl,1,b_abs,1326
1772236764,mosquitto,chatafl,1,l_per,21.2
1772236764,mosquitto,chatafl,1,l_abs,2424
1772236764,mosquitto,chatafl,1,b_per,15.1
1772236764,mosquitto,chatafl,1,b_abs,1327
1772236768,mosquitto,chatafl,1,l_per,21.2
1772236768,mosquitto,chatafl,1,l_abs,2427
1772236768,mosquitto,chatafl,1,b_per,15.1
1772236768,mosquitto,chatafl,1,b_abs,1329
1772236773,mosquitto,chatafl,1,l_per,21.3
1772236773,mosquitto,chatafl,1,l_abs,2429
1772236773,mosquitto,chatafl,1,b_per,15.1
1772236773,mosquitto,chatafl,1,b_abs,1331
1772236775,mosquitto,chatafl,1,l_per,21.3
1772236775,mosquitto,chatafl,1,l_abs,2431
1772236775,mosquitto,chatafl,1,b_per,15.1
1772236775,mosquitto,chatafl,1,b_abs,1333
1772236782,mosquitto,chatafl,1,l_per,21.3
1772236782,mosquitto,chatafl,1,l_abs,2431
1772236782,mosquitto,chatafl,1,b_per,15.1
1772236782,mosquitto,chatafl,1,b_abs,1333
1772236787,mosquitto,chatafl,1,l_per,21.3
1772236787,mosquitto,chatafl,1,l_abs,2432
1772236787,mosquitto,chatafl,1,b_per,15.1
1772236787,mosquitto,chatafl,1,b_abs,1334
1772236789,mosquitto,chatafl,1,l_per,21.3
1772236789,mosquitto,chatafl,1,l_abs,2434
1772236789,mosquitto,chatafl,1,b_per,15.2
1772236789,mosquitto,chatafl,1,b_abs,1336
1772236793,mosquitto,chatafl,1,l_per,21.3
1772236793,mosquitto,chatafl,1,l_abs,2434
1772236793,mosquitto,chatafl,1,b_per,15.2
1772236793,mosquitto,chatafl,1,b_abs,1336
1772236809,mosquitto,chatafl,1,l_per,21.3
1772236809,mosquitto,chatafl,1,l_abs,2437
1772236809,mosquitto,chatafl,1,b_per,15.2
1772236809,mosquitto,chatafl,1,b_abs,1339
1772236824,mosquitto,chatafl,1,l_per,21.3
1772236824,mosquitto,chatafl,1,l_abs,2437
1772236824,mosquitto,chatafl,1,b_per,15.2
1772236824,mosquitto,chatafl,1,b_abs,1339
1772236828,mosquitto,chatafl,1,l_per,21.3
1772236828,mosquitto,chatafl,1,l_abs,2437
1772236828,mosquitto,chatafl,1,b_per,15.2
1772236828,mosquitto,chatafl,1,b_abs,1339
1772236834,mosquitto,chatafl,1,l_per,21.3
1772236834,mosquitto,chatafl,1,l_abs,2437
1772236834,mosquitto,chatafl,1,b_per,15.2
1772236834,mosquitto,chatafl,1,b_abs,1339
1772236835,mosquitto,chatafl,1,l_per,21.3
1772236835,mosquitto,chatafl,1,l_abs,2437
1772236835,mosquitto,chatafl,1,b_per,15.2
1772236835,mosquitto,chatafl,1,b_abs,1339
1772236838,mosquitto,chatafl,1,l_per,21.3
1772236838,mosquitto,chatafl,1,l_abs,2437
1772236838,mosquitto,chatafl,1,b_per,15.2
1772236838,mosquitto,chatafl,1,b_abs,1339
1772236840,mosquitto,chatafl,1,l_per,21.3
1772236840,mosquitto,chatafl,1,l_abs,2437
1772236840,mosquitto,chatafl,1,b_per,15.2
1772236840,mosquitto,chatafl,1,b_abs,1339
1772236846,mosquitto,chatafl,1,l_per,21.3
1772236846,mosquitto,chatafl,1,l_abs,2437
1772236846,mosquitto,chatafl,1,b_per,15.2
1772236846,mosquitto,chatafl,1,b_abs,1339
1772236848,mosquitto,chatafl,1,l_per,21.3
1772236848,mosquitto,chatafl,1,l_abs,2437
1772236848,mosquitto,chatafl,1,b_per,15.2
1772236848,mosquitto,chatafl,1,b_abs,1339
1772236853,mosquitto,chatafl,1,l_per,21.3
1772236853,mosquitto,chatafl,1,l_abs,2437
1772236853,mosquitto,chatafl,1,b_per,15.2
1772236853,mosquitto,chatafl,1,b_abs,1339
1772236863,mosquitto,chatafl,1,l_per,21.3
1772236863,mosquitto,chatafl,1,l_abs,2437
1772236863,mosquitto,chatafl,1,b_per,15.2
1772236863,mosquitto,chatafl,1,b_abs,1339
1772236868,mosquitto,chatafl,1,l_per,21.3
1772236868,mosquitto,chatafl,1,l_abs,2437
1772236868,mosquitto,chatafl,1,b_per,15.2
1772236868,mosquitto,chatafl,1,b_abs,1339
1772236881,mosquitto,chatafl,1,l_per,21.3
1772236881,mosquitto,chatafl,1,l_abs,2437
1772236881,mosquitto,chatafl,1,b_per,15.2
1772236881,mosquitto,chatafl,1,b_abs,1339
1772236884,mosquitto,chatafl,1,l_per,21.3
1772236884,mosquitto,chatafl,1,l_abs,2437
1772236884,mosquitto,chatafl,1,b_per,15.2
1772236884,mosquitto,chatafl,1,b_abs,1339
1772236894,mosquitto,chatafl,1,l_per,21.3
1772236894,mosquitto,chatafl,1,l_abs,2437
1772236894,mosquitto,chatafl,1,b_per,15.2
1772236894,mosquitto,chatafl,1,b_abs,1339
1772236906,mosquitto,chatafl,1,l_per,21.3
1772236906,mosquitto,chatafl,1,l_abs,2438
1772236906,mosquitto,chatafl,1,b_per,15.2
1772236906,mosquitto,chatafl,1,b_abs,1340
1772236917,mosquitto,chatafl,1,l_per,21.3
1772236917,mosquitto,chatafl,1,l_abs,2438
1772236917,mosquitto,chatafl,1,b_per,15.2
1772236917,mosquitto,chatafl,1,b_abs,1340
1772236922,mosquitto,chatafl,1,l_per,21.3
1772236922,mosquitto,chatafl,1,l_abs,2438
1772236922,mosquitto,chatafl,1,b_per,15.2
1772236922,mosquitto,chatafl,1,b_abs,1340
1772236960,mosquitto,chatafl,1,l_per,21.3
1772236960,mosquitto,chatafl,1,l_abs,2438
1772236960,mosquitto,chatafl,1,b_per,15.2
1772236960,mosquitto,chatafl,1,b_abs,1340
1772236967,mosquitto,chatafl,1,l_per,21.3
1772236967,mosquitto,chatafl,1,l_abs,2438
1772236967,mosquitto,chatafl,1,b_per,15.2
1772236967,mosquitto,chatafl,1,b_abs,1341
1772236971,mosquitto,chatafl,1,l_per,21.3
1772236971,mosquitto,chatafl,1,l_abs,2438
1772236971,mosquitto,chatafl,1,b_per,15.2
1772236971,mosquitto,chatafl,1,b_abs,1341
1772236981,mosquitto,chatafl,1,l_per,21.3
1772236981,mosquitto,chatafl,1,l_abs,2438
1772236981,mosquitto,chatafl,1,b_per,15.2
1772236981,mosquitto,chatafl,1,b_abs,1341
1772236982,mosquitto,chatafl,1,l_per,21.3
1772236982,mosquitto,chatafl,1,l_abs,2438
1772236982,mosquitto,chatafl,1,b_per,15.2
1772236982,mosquitto,chatafl,1,b_abs,1341
1772236984,mosquitto,chatafl,1,l_per,21.3
1772236984,mosquitto,chatafl,1,l_abs,2438
1772236984,mosquitto,chatafl,1,b_per,15.2
1772236984,mosquitto,chatafl,1,b_abs,1341
1772237000,mosquitto,chatafl,1,l_per,21.3
1772237000,mosquitto,chatafl,1,l_abs,2438
1772237000,mosquitto,chatafl,1,b_per,15.2
1772237000,mosquitto,chatafl,1,b_abs,1341
1772237027,mosquitto,chatafl,1,l_per,21.3
1772237027,mosquitto,chatafl,1,l_abs,2438
1772237027,mosquitto,chatafl,1,b_per,15.2
1772237027,mosquitto,chatafl,1,b_abs,1341
1772237035,mosquitto,chatafl,1,l_per,21.3
1772237035,mosquitto,chatafl,1,l_abs,2438
1772237035,mosquitto,chatafl,1,b_per,15.2
1772237035,mosquitto,chatafl,1,b_abs,1342
1772237036,mosquitto,chatafl,1,l_per,21.3
1772237036,mosquitto,chatafl,1,l_abs,2438
1772237036,mosquitto,chatafl,1,b_per,15.2
1772237036,mosquitto,chatafl,1,b_abs,1342
1772237042,mosquitto,chatafl,1,l_per,21.3
1772237042,mosquitto,chatafl,1,l_abs,2438
1772237042,mosquitto,chatafl,1,b_per,15.2
1772237042,mosquitto,chatafl,1,b_abs,1342
1772237046,mosquitto,chatafl,1,l_per,21.3
1772237046,mosquitto,chatafl,1,l_abs,2438
1772237046,mosquitto,chatafl,1,b_per,15.2
1772237046,mosquitto,chatafl,1,b_abs,1342
1772237059,mosquitto,chatafl,1,l_per,21.3
1772237059,mosquitto,chatafl,1,l_abs,2438
1772237059,mosquitto,chatafl,1,b_per,15.2
1772237059,mosquitto,chatafl,1,b_abs,1342
1772237083,mosquitto,chatafl,1,l_per,21.3
1772237083,mosquitto,chatafl,1,l_abs,2438
1772237083,mosquitto,chatafl,1,b_per,15.2
1772237083,mosquitto,chatafl,1,b_abs,1342
1772237094,mosquitto,chatafl,1,l_per,21.3
1772237094,mosquitto,chatafl,1,l_abs,2438
1772237094,mosquitto,chatafl,1,b_per,15.2
1772237094,mosquitto,chatafl,1,b_abs,1342
1772237105,mosquitto,chatafl,1,l_per,21.3
1772237105,mosquitto,chatafl,1,l_abs,2438
1772237105,mosquitto,chatafl,1,b_per,15.2
1772237105,mosquitto,chatafl,1,b_abs,1342
1772237111,mosquitto,chatafl,1,l_per,21.4
1772237111,mosquitto,chatafl,1,l_abs,2441
1772237111,mosquitto,chatafl,1,b_per,15.2
1772237111,mosquitto,chatafl,1,b_abs,1343
1772237116,mosquitto,chatafl,1,l_per,21.4
1772237116,mosquitto,chatafl,1,l_abs,2441
1772237116,mosquitto,chatafl,1,b_per,15.3
1772237116,mosquitto,chatafl,1,b_abs,1345
1772237152,mosquitto,chatafl,1,l_per,21.4
1772237152,mosquitto,chatafl,1,l_abs,2441
1772237152,mosquitto,chatafl,1,b_per,15.3
1772237152,mosquitto,chatafl,1,b_abs,1345
1772237164,mosquitto,chatafl,1,l_per,21.4
1772237164,mosquitto,chatafl,1,l_abs,2441
1772237164,mosquitto,chatafl,1,b_per,15.3
1772237164,mosquitto,chatafl,1,b_abs,1346
1772237167,mosquitto,chatafl,1,l_per,21.4
1772237167,mosquitto,chatafl,1,l_abs,2441
1772237167,mosquitto,chatafl,1,b_per,15.3
1772237167,mosquitto,chatafl,1,b_abs,1346
1772237170,mosquitto,chatafl,1,l_per,21.4
1772237170,mosquitto,chatafl,1,l_abs,2441
1772237170,mosquitto,chatafl,1,b_per,15.3
1772237170,mosquitto,chatafl,1,b_abs,1347
1772237174,mosquitto,chatafl,1,l_per,21.4
1772237174,mosquitto,chatafl,1,l_abs,2445
1772237174,mosquitto,chatafl,1,b_per,15.3
1772237174,mosquitto,chatafl,1,b_abs,1349
1772237189,mosquitto,chatafl,1,l_per,21.4
1772237189,mosquitto,chatafl,1,l_abs,2445
1772237189,mosquitto,chatafl,1,b_per,15.3
1772237189,mosquitto,chatafl,1,b_abs,1349
1772237196,mosquitto,chatafl,1,l_per,21.4
1772237196,mosquitto,chatafl,1,l_abs,2445
1772237196,mosquitto,chatafl,1,b_per,15.3
1772237196,mosquitto,chatafl,1,b_abs,1349
1772237200,mosquitto,chatafl,1,l_per,21.4
1772237200,mosquitto,chatafl,1,l_abs,2445
1772237200,mosquitto,chatafl,1,b_per,15.3
1772237200,mosquitto,chatafl,1,b_abs,1349
1772237211,mosquitto,chatafl,1,l_per,21.4
1772237211,mosquitto,chatafl,1,l_abs,2446
1772237211,mosquitto,chatafl,1,b_per,15.3
1772237211,mosquitto,chatafl,1,b_abs,1350
1772237231,mosquitto,chatafl,1,l_per,21.4
1772237231,mosquitto,chatafl,1,l_abs,2447
1772237231,mosquitto,chatafl,1,b_per,15.3
1772237231,mosquitto,chatafl,1,b_abs,1351
1772237236,mosquitto,chatafl,1,l_per,21.4
1772237236,mosquitto,chatafl,1,l_abs,2447
1772237236,mosquitto,chatafl,1,b_per,15.3
1772237236,mosquitto,chatafl,1,b_abs,1351
1772237267,mosquitto,chatafl,1,l_per,21.4
1772237267,mosquitto,chatafl,1,l_abs,2447
1772237267,mosquitto,chatafl,1,b_per,15.3
1772237267,mosquitto,chatafl,1,b_abs,1351
1772236458,mosquitto,chatafl_opt,1,l_per,16.7
1772236458,mosquitto,chatafl_opt,1,l_abs,1906
1772236458,mosquitto,chatafl_opt,1,b_per,11.5
1772236458,mosquitto,chatafl_opt,1,b_abs,1012
1772236485,mosquitto,chatafl_opt,1,l_per,16.8
1772236485,mosquitto,chatafl_opt,1,l_abs,1915
1772236485,mosquitto,chatafl_opt,1,b_per,11.6
1772236485,mosquitto,chatafl_opt,1,b_abs,1019
1772236486,mosquitto,chatafl_opt,1,l_per,16.9
1772236486,mosquitto,chatafl_opt,1,l_abs,1928
1772236486,mosquitto,chatafl_opt,1,b_per,11.7
1772236486,mosquitto,chatafl_opt,1,b_abs,1032
1772236487,mosquitto,chatafl_opt,1,l_per,17.0
1772236487,mosquitto,chatafl_opt,1,l_abs,1937
1772236487,mosquitto,chatafl_opt,1,b_per,11.7
1772236487,mosquitto,chatafl_opt,1,b_abs,1035
1772236492,mosquitto,chatafl_opt,1,l_per,17.0
1772236492,mosquitto,chatafl_opt,1,l_abs,1937
1772236492,mosquitto,chatafl_opt,1,b_per,11.7
1772236492,mosquitto,chatafl_opt,1,b_abs,1035
1772236492,mosquitto,chatafl_opt,1,l_per,17.0
1772236492,mosquitto,chatafl_opt,1,l_abs,1941
1772236492,mosquitto,chatafl_opt,1,b_per,11.8
1772236492,mosquitto,chatafl_opt,1,b_abs,1037
1772236493,mosquitto,chatafl_opt,1,l_per,17.1
1772236493,mosquitto,chatafl_opt,1,l_abs,1955
1772236493,mosquitto,chatafl_opt,1,b_per,11.8
1772236493,mosquitto,chatafl_opt,1,b_abs,1040
1772236494,mosquitto,chatafl_opt,1,l_per,17.2
1772236494,mosquitto,chatafl_opt,1,l_abs,1962
1772236494,mosquitto,chatafl_opt,1,b_per,11.8
1772236494,mosquitto,chatafl_opt,1,b_abs,1044
1772236495,mosquitto,chatafl_opt,1,l_per,17.2
1772236495,mosquitto,chatafl_opt,1,l_abs,1963
1772236495,mosquitto,chatafl_opt,1,b_per,11.9
1772236495,mosquitto,chatafl_opt,1,b_abs,1045
1772236496,mosquitto,chatafl_opt,1,l_per,17.2
1772236496,mosquitto,chatafl_opt,1,l_abs,1965
1772236496,mosquitto,chatafl_opt,1,b_per,11.9
1772236496,mosquitto,chatafl_opt,1,b_abs,1048
1772236497,mosquitto,chatafl_opt,1,l_per,17.3
1772236497,mosquitto,chatafl_opt,1,l_abs,1973
1772236497,mosquitto,chatafl_opt,1,b_per,11.9
1772236497,mosquitto,chatafl_opt,1,b_abs,1051
1772236499,mosquitto,chatafl_opt,1,l_per,17.3
1772236499,mosquitto,chatafl_opt,1,l_abs,1981
1772236499,mosquitto,chatafl_opt,1,b_per,12.0
1772236499,mosquitto,chatafl_opt,1,b_abs,1056
1772236500,mosquitto,chatafl_opt,1,l_per,17.4
1772236500,mosquitto,chatafl_opt,1,l_abs,1990
1772236500,mosquitto,chatafl_opt,1,b_per,12.0
1772236500,mosquitto,chatafl_opt,1,b_abs,1059
1772236501,mosquitto,chatafl_opt,1,l_per,17.4
1772236501,mosquitto,chatafl_opt,1,l_abs,1990
1772236501,mosquitto,chatafl_opt,1,b_per,12.0
1772236501,mosquitto,chatafl_opt,1,b_abs,1060
1772236502,mosquitto,chatafl_opt,1,l_per,17.4
1772236502,mosquitto,chatafl_opt,1,l_abs,1990
1772236502,mosquitto,chatafl_opt,1,b_per,12.0
1772236502,mosquitto,chatafl_opt,1,b_abs,1060
1772236503,mosquitto,chatafl_opt,1,l_per,17.4
1772236503,mosquitto,chatafl_opt,1,l_abs,1991
1772236503,mosquitto,chatafl_opt,1,b_per,12.0
1772236503,mosquitto,chatafl_opt,1,b_abs,1061
1772236505,mosquitto,chatafl_opt,1,l_per,17.5
1772236505,mosquitto,chatafl_opt,1,l_abs,1997
1772236505,mosquitto,chatafl_opt,1,b_per,12.1
1772236505,mosquitto,chatafl_opt,1,b_abs,1069
1772236506,mosquitto,chatafl_opt,1,l_per,17.6
1772236506,mosquitto,chatafl_opt,1,l_abs,2011
1772236506,mosquitto,chatafl_opt,1,b_per,12.2
1772236506,mosquitto,chatafl_opt,1,b_abs,1075
1772236507,mosquitto,chatafl_opt,1,l_per,17.7
1772236507,mosquitto,chatafl_opt,1,l_abs,2018
1772236507,mosquitto,chatafl_opt,1,b_per,12.2
1772236507,mosquitto,chatafl_opt,1,b_abs,1078
1772236508,mosquitto,chatafl_opt,1,l_per,17.7
1772236508,mosquitto,chatafl_opt,1,l_abs,2019
1772236508,mosquitto,chatafl_opt,1,b_per,12.2
1772236508,mosquitto,chatafl_opt,1,b_abs,1079
1772236510,mosquitto,chatafl_opt,1,l_per,17.8
1772236510,mosquitto,chatafl_opt,1,l_abs,2028
1772236510,mosquitto,chatafl_opt,1,b_per,12.3
1772236510,mosquitto,chatafl_opt,1,b_abs,1082
1772236513,mosquitto,chatafl_opt,1,l_per,17.9
1772236513,mosquitto,chatafl_opt,1,l_abs,2044
1772236513,mosquitto,chatafl_opt,1,b_per,12.3
1772236513,mosquitto,chatafl_opt,1,b_abs,1085
1772236516,mosquitto,chatafl_opt,1,l_per,17.9
1772236516,mosquitto,chatafl_opt,1,l_abs,2045
1772236516,mosquitto,chatafl_opt,1,b_per,12.3
1772236516,mosquitto,chatafl_opt,1,b_abs,1086
1772236517,mosquitto,chatafl_opt,1,l_per,17.9
1772236517,mosquitto,chatafl_opt,1,l_abs,2047
1772236517,mosquitto,chatafl_opt,1,b_per,12.3
1772236517,mosquitto,chatafl_opt,1,b_abs,1088
1772236519,mosquitto,chatafl_opt,1,l_per,17.9
1772236519,mosquitto,chatafl_opt,1,l_abs,2047
1772236519,mosquitto,chatafl_opt,1,b_per,12.3
1772236519,mosquitto,chatafl_opt,1,b_abs,1088
1772236520,mosquitto,chatafl_opt,1,l_per,17.9
1772236520,mosquitto,chatafl_opt,1,l_abs,2047
1772236520,mosquitto,chatafl_opt,1,b_per,12.4
1772236520,mosquitto,chatafl_opt,1,b_abs,1090
1772236521,mosquitto,chatafl_opt,1,l_per,17.9
1772236521,mosquitto,chatafl_opt,1,l_abs,2047
1772236521,mosquitto,chatafl_opt,1,b_per,12.4
1772236521,mosquitto,chatafl_opt,1,b_abs,1090
1772236522,mosquitto,chatafl_opt,1,l_per,17.9
1772236522,mosquitto,chatafl_opt,1,l_abs,2047
1772236522,mosquitto,chatafl_opt,1,b_per,12.4
1772236522,mosquitto,chatafl_opt,1,b_abs,1090
1772236523,mosquitto,chatafl_opt,1,l_per,17.9
1772236523,mosquitto,chatafl_opt,1,l_abs,2049
1772236523,mosquitto,chatafl_opt,1,b_per,12.4
1772236523,mosquitto,chatafl_opt,1,b_abs,1091
1772236525,mosquitto,chatafl_opt,1,l_per,18.0
1772236525,mosquitto,chatafl_opt,1,l_abs,2051
1772236525,mosquitto,chatafl_opt,1,b_per,12.4
1772236525,mosquitto,chatafl_opt,1,b_abs,1092
1772236527,mosquitto,chatafl_opt,1,l_per,18.0
1772236527,mosquitto,chatafl_opt,1,l_abs,2060
1772236527,mosquitto,chatafl_opt,1,b_per,12.4
1772236527,mosquitto,chatafl_opt,1,b_abs,1095
1772236528,mosquitto,chatafl_opt,1,l_per,18.0
1772236528,mosquitto,chatafl_opt,1,l_abs,2060
1772236528,mosquitto,chatafl_opt,1,b_per,12.4
1772236528,mosquitto,chatafl_opt,1,b_abs,1095
1772236529,mosquitto,chatafl_opt,1,l_per,18.0
1772236529,mosquitto,chatafl_opt,1,l_abs,2060
1772236529,mosquitto,chatafl_opt,1,b_per,12.4
1772236529,mosquitto,chatafl_opt,1,b_abs,1096
1772236539,mosquitto,chatafl_opt,1,l_per,18.1
1772236539,mosquitto,chatafl_opt,1,l_abs,2062
1772236539,mosquitto,chatafl_opt,1,b_per,12.4
1772236539,mosquitto,chatafl_opt,1,b_abs,1097
1772236540,mosquitto,chatafl_opt,1,l_per,18.1
1772236540,mosquitto,chatafl_opt,1,l_abs,2070
1772236540,mosquitto,chatafl_opt,1,b_per,12.5
1772236540,mosquitto,chatafl_opt,1,b_abs,1100
1772236544,mosquitto,chatafl_opt,1,l_per,18.2
1772236544,mosquitto,chatafl_opt,1,l_abs,2074
1772236544,mosquitto,chatafl_opt,1,b_per,12.5
1772236544,mosquitto,chatafl_opt,1,b_abs,1103
1772236547,mosquitto,chatafl_opt,1,l_per,18.2
1772236547,mosquitto,chatafl_opt,1,l_abs,2076
1772236547,mosquitto,chatafl_opt,1,b_per,12.5
1772236547,mosquitto,chatafl_opt,1,b_abs,1104
1772236548,mosquitto,chatafl_opt,1,l_per,18.2
1772236548,mosquitto,chatafl_opt,1,l_abs,2077
1772236548,mosquitto,chatafl_opt,1,b_per,12.5
1772236548,mosquitto,chatafl_opt,1,b_abs,1105
1772236554,mosquitto,chatafl_opt,1,l_per,18.2
1772236554,mosquitto,chatafl_opt,1,l_abs,2077
1772236554,mosquitto,chatafl_opt,1,b_per,12.5
1772236554,mosquitto,chatafl_opt,1,b_abs,1105
1772236563,mosquitto,chatafl_opt,1,l_per,18.2
1772236563,mosquitto,chatafl_opt,1,l_abs,2080
1772236563,mosquitto,chatafl_opt,1,b_per,12.5
1772236563,mosquitto,chatafl_opt,1,b_abs,1106
1772236568,mosquitto,chatafl_opt,1,l_per,18.2
1772236568,mosquitto,chatafl_opt,1,l_abs,2080
1772236568,mosquitto,chatafl_opt,1,b_per,12.6
1772236568,mosquitto,chatafl_opt,1,b_abs,1107
1772236572,mosquitto,chatafl_opt,1,l_per,18.3
1772236572,mosquitto,chatafl_opt,1,l_abs,2089
1772236572,mosquitto,chatafl_opt,1,b_per,12.6
1772236572,mosquitto,chatafl_opt,1,b_abs,1110
1772236574,mosquitto,chatafl_opt,1,l_per,18.3
1772236574,mosquitto,chatafl_opt,1,l_abs,2089
1772236574,mosquitto,chatafl_opt,1,b_per,12.6
1772236574,mosquitto,chatafl_opt,1,b_abs,1110
1772236578,mosquitto,chatafl_opt,1,l_per,18.6
1772236578,mosquitto,chatafl_opt,1,l_abs,2127
1772236578,mosquitto,chatafl_opt,1,b_per,12.9
1772236578,mosquitto,chatafl_opt,1,b_abs,1136
1772236586,mosquitto,chatafl_opt,1,l_per,18.6
1772236586,mosquitto,chatafl_opt,1,l_abs,2127
1772236586,mosquitto,chatafl_opt,1,b_per,12.9
1772236586,mosquitto,chatafl_opt,1,b_abs,1138
1772236590,mosquitto,chatafl_opt,1,l_per,18.6
1772236590,mosquitto,chatafl_opt,1,l_abs,2127
1772236590,mosquitto,chatafl_opt,1,b_per,12.9
1772236590,mosquitto,chatafl_opt,1,b_abs,1138
1772236596,mosquitto,chatafl_opt,1,l_per,18.6
1772236596,mosquitto,chatafl_opt,1,l_abs,2128
1772236596,mosquitto,chatafl_opt,1,b_per,12.9
1772236596,mosquitto,chatafl_opt,1,b_abs,1139
1772236598,mosquitto,chatafl_opt,1,l_per,18.7
1772236598,mosquitto,chatafl_opt,1,l_abs,2137
1772236598,mosquitto,chatafl_opt,1,b_per,13.0
1772236598,mosquitto,chatafl_opt,1,b_abs,1144
1772236611,mosquitto,chatafl_opt,1,l_per,18.7
1772236611,mosquitto,chatafl_opt,1,l_abs,2137
1772236611,mosquitto,chatafl_opt,1,b_per,13.0
1772236611,mosquitto,chatafl_opt,1,b_abs,1146
1772236625,mosquitto,chatafl_opt,1,l_per,18.7
1772236625,mosquitto,chatafl_opt,1,l_abs,2139
1772236625,mosquitto,chatafl_opt,1,b_per,13.0
1772236625,mosquitto,chatafl_opt,1,b_abs,1147
1772236626,mosquitto,chatafl_opt,1,l_per,18.7
1772236626,mosquitto,chatafl_opt,1,l_abs,2139
1772236626,mosquitto,chatafl_opt,1,b_per,13.0
1772236626,mosquitto,chatafl_opt,1,b_abs,1147
1772236626,mosquitto,chatafl_opt,1,l_per,18.7
1772236626,mosquitto,chatafl_opt,1,l_abs,2139
1772236626,mosquitto,chatafl_opt,1,b_per,13.0
1772236626,mosquitto,chatafl_opt,1,b_abs,1147
1772236627,mosquitto,chatafl_opt,1,l_per,18.7
1772236627,mosquitto,chatafl_opt,1,l_abs,2139
1772236627,mosquitto,chatafl_opt,1,b_per,13.0
1772236627,mosquitto,chatafl_opt,1,b_abs,1148
1772236628,mosquitto,chatafl_opt,1,l_per,18.7
1772236628,mosquitto,chatafl_opt,1,l_abs,2139
1772236628,mosquitto,chatafl_opt,1,b_per,13.0
1772236628,mosquitto,chatafl_opt,1,b_abs,1148
1772236630,mosquitto,chatafl_opt,1,l_per,18.8
1772236630,mosquitto,chatafl_opt,1,l_abs,2142
1772236630,mosquitto,chatafl_opt,1,b_per,13.0
1772236630,mosquitto,chatafl_opt,1,b_abs,1150
1772236631,mosquitto,chatafl_opt,1,l_per,18.9
1772236631,mosquitto,chatafl_opt,1,l_abs,2162
1772236631,mosquitto,chatafl_opt,1,b_per,13.2
1772236631,mosquitto,chatafl_opt,1,b_abs,1160
1772236632,mosquitto,chatafl_opt,1,l_per,18.9
1772236632,mosquitto,chatafl_opt,1,l_abs,2162
1772236632,mosquitto,chatafl_opt,1,b_per,13.2
1772236632,mosquitto,chatafl_opt,1,b_abs,1160
1772236633,mosquitto,chatafl_opt,1,l_per,19.0
1772236633,mosquitto,chatafl_opt,1,l_abs,2175
1772236633,mosquitto,chatafl_opt,1,b_per,13.2
1772236633,mosquitto,chatafl_opt,1,b_abs,1167
1772236634,mosquitto,chatafl_opt,1,l_per,19.0
1772236634,mosquitto,chatafl_opt,1,l_abs,2175
1772236634,mosquitto,chatafl_opt,1,b_per,13.2
1772236634,mosquitto,chatafl_opt,1,b_abs,1167
1772236636,mosquitto,chatafl_opt,1,l_per,19.1
1772236636,mosquitto,chatafl_opt,1,l_abs,2183
1772236636,mosquitto,chatafl_opt,1,b_per,13.3
1772236636,mosquitto,chatafl_opt,1,b_abs,1172
1772236638,mosquitto,chatafl_opt,1,l_per,19.2
1772236638,mosquitto,chatafl_opt,1,l_abs,2190
1772236638,mosquitto,chatafl_opt,1,b_per,13.3
1772236638,mosquitto,chatafl_opt,1,b_abs,1176
1772236638,mosquitto,chatafl_opt,1,l_per,19.2
1772236638,mosquitto,chatafl_opt,1,l_abs,2190
1772236638,mosquitto,chatafl_opt,1,b_per,13.4
1772236638,mosquitto,chatafl_opt,1,b_abs,1177
1772236639,mosquitto,chatafl_opt,1,l_per,19.2
1772236639,mosquitto,chatafl_opt,1,l_abs,2194
1772236639,mosquitto,chatafl_opt,1,b_per,13.4
1772236639,mosquitto,chatafl_opt,1,b_abs,1179
1772236641,mosquitto,chatafl_opt,1,l_per,19.2
1772236641,mosquitto,chatafl_opt,1,l_abs,2194
1772236641,mosquitto,chatafl_opt,1,b_per,13.4
1772236641,mosquitto,chatafl_opt,1,b_abs,1179
1772236642,mosquitto,chatafl_opt,1,l_per,19.5
1772236642,mosquitto,chatafl_opt,1,l_abs,2226
1772236642,mosquitto,chatafl_opt,1,b_per,13.5
1772236642,mosquitto,chatafl_opt,1,b_abs,1193
1772236644,mosquitto,chatafl_opt,1,l_per,19.5
1772236644,mosquitto,chatafl_opt,1,l_abs,2230
1772236644,mosquitto,chatafl_opt,1,b_per,13.6
1772236644,mosquitto,chatafl_opt,1,b_abs,1196
1772236646,mosquitto,chatafl_opt,1,l_per,19.5
1772236646,mosquitto,chatafl_opt,1,l_abs,2230
1772236646,mosquitto,chatafl_opt,1,b_per,13.6
1772236646,mosquitto,chatafl_opt,1,b_abs,1196
1772236648,mosquitto,chatafl_opt,1,l_per,19.5
1772236648,mosquitto,chatafl_opt,1,l_abs,2230
1772236648,mosquitto,chatafl_opt,1,b_per,13.6
1772236648,mosquitto,chatafl_opt,1,b_abs,1197
1772236650,mosquitto,chatafl_opt,1,l_per,19.5
1772236650,mosquitto,chatafl_opt,1,l_abs,2233
1772236650,mosquitto,chatafl_opt,1,b_per,13.6
1772236650,mosquitto,chatafl_opt,1,b_abs,1199
1772236651,mosquitto,chatafl_opt,1,l_per,19.5
1772236651,mosquitto,chatafl_opt,1,l_abs,2233
1772236651,mosquitto,chatafl_opt,1,b_per,13.6
1772236651,mosquitto,chatafl_opt,1,b_abs,1200
1772236652,mosquitto,chatafl_opt,1,l_per,19.6
1772236652,mosquitto,chatafl_opt,1,l_abs,2236
1772236652,mosquitto,chatafl_opt,1,b_per,13.6
1772236652,mosquitto,chatafl_opt,1,b_abs,1201
1772236654,mosquitto,chatafl_opt,1,l_per,19.6
1772236654,mosquitto,chatafl_opt,1,l_abs,2239
1772236654,mosquitto,chatafl_opt,1,b_per,13.7
1772236654,mosquitto,chatafl_opt,1,b_abs,1204
1772236655,mosquitto,chatafl_opt,1,l_per,19.6
1772236655,mosquitto,chatafl_opt,1,l_abs,2240
1772236655,mosquitto,chatafl_opt,1,b_per,13.7
1772236655,mosquitto,chatafl_opt,1,b_abs,1205
1772236657,mosquitto,chatafl_opt,1,l_per,19.6
1772236657,mosquitto,chatafl_opt,1,l_abs,2240
1772236657,mosquitto,chatafl_opt,1,b_per,13.7
1772236657,mosquitto,chatafl_opt,1,b_abs,1207
1772236660,mosquitto,chatafl_opt,1,l_per,20.0
1772236660,mosquitto,chatafl_opt,1,l_abs,2281
1772236660,mosquitto,chatafl_opt,1,b_per,14.0
1772236660,mosquitto,chatafl_opt,1,b_abs,1237
1772236662,mosquitto,chatafl_opt,1,l_per,20.0
1772236662,mosquitto,chatafl_opt,1,l_abs,2281
1772236662,mosquitto,chatafl_opt,1,b_per,14.0
1772236662,mosquitto,chatafl_opt,1,b_abs,1237
1772236667,mosquitto,chatafl_opt,1,l_per,20.0
1772236667,mosquitto,chatafl_opt,1,l_abs,2283
1772236667,mosquitto,chatafl_opt,1,b_per,14.0
1772236667,mosquitto,chatafl_opt,1,b_abs,1238
1772236669,mosquitto,chatafl_opt,1,l_per,20.0
1772236669,mosquitto,chatafl_opt,1,l_abs,2287
1772236669,mosquitto,chatafl_opt,1,b_per,14.1
1772236669,mosquitto,chatafl_opt,1,b_abs,1239
1772236671,mosquitto,chatafl_opt,1,l_per,20.1
1772236671,mosquitto,chatafl_opt,1,l_abs,2292
1772236671,mosquitto,chatafl_opt,1,b_per,14.1
1772236671,mosquitto,chatafl_opt,1,b_abs,1241
1772236674,mosquitto,chatafl_opt,1,l_per,20.1
1772236674,mosquitto,chatafl_opt,1,l_abs,2293
1772236674,mosquitto,chatafl_opt,1,b_per,14.1
1772236674,mosquitto,chatafl_opt,1,b_abs,1242
1772236679,mosquitto,chatafl_opt,1,l_per,20.1
1772236679,mosquitto,chatafl_opt,1,l_abs,2294
1772236679,mosquitto,chatafl_opt,1,b_per,14.1
1772236679,mosquitto,chatafl_opt,1,b_abs,1245
1772236687,mosquitto,chatafl_opt,1,l_per,20.1
1772236687,mosquitto,chatafl_opt,1,l_abs,2294
1772236687,mosquitto,chatafl_opt,1,b_per,14.1
1772236687,mosquitto,chatafl_opt,1,b_abs,1245
1772236690,mosquitto,chatafl_opt,1,l_per,20.1
1772236690,mosquitto,chatafl_opt,1,l_abs,2294
1772236690,mosquitto,chatafl_opt,1,b_per,14.1
1772236690,mosquitto,chatafl_opt,1,b_abs,1245
1772236694,mosquitto,chatafl_opt,1,l_per,20.1
1772236694,mosquitto,chatafl_opt,1,l_abs,2294
1772236694,mosquitto,chatafl_opt,1,b_per,14.1
1772236694,mosquitto,chatafl_opt,1,b_abs,1246
1772236695,mosquitto,chatafl_opt,1,l_per,20.1
1772236695,mosquitto,chatafl_opt,1,l_abs,2294
1772236695,mosquitto,chatafl_opt,1,b_per,14.1
1772236695,mosquitto,chatafl_opt,1,b_abs,1247
1772236699,mosquitto,chatafl_opt,1,l_per,20.1
1772236699,mosquitto,chatafl_opt,1,l_abs,2294
1772236699,mosquitto,chatafl_opt,1,b_per,14.2
1772236699,mosquitto,chatafl_opt,1,b_abs,1248
1772236713,mosquitto,chatafl_opt,1,l_per,20.1
1772236713,mosquitto,chatafl_opt,1,l_abs,2294
1772236713,mosquitto,chatafl_opt,1,b_per,14.2
1772236713,mosquitto,chatafl_opt,1,b_abs,1249
1772236719,mosquitto,chatafl_opt,1,l_per,20.1
1772236719,mosquitto,chatafl_opt,1,l_abs,2294
1772236719,mosquitto,chatafl_opt,1,b_per,14.2
1772236719,mosquitto,chatafl_opt,1,b_abs,1250
1772236728,mosquitto,chatafl_opt,1,l_per,20.1
1772236728,mosquitto,chatafl_opt,1,l_abs,2296
1772236728,mosquitto,chatafl_opt,1,b_per,14.2
1772236728,mosquitto,chatafl_opt,1,b_abs,1252
1772236729,mosquitto,chatafl_opt,1,l_per,20.1
1772236729,mosquitto,chatafl_opt,1,l_abs,2296
1772236729,mosquitto,chatafl_opt,1,b_per,14.2
1772236729,mosquitto,chatafl_opt,1,b_abs,1252
1772236731,mosquitto,chatafl_opt,1,l_per,20.1
1772236731,mosquitto,chatafl_opt,1,l_abs,2296
1772236731,mosquitto,chatafl_opt,1,b_per,14.2
1772236731,mosquitto,chatafl_opt,1,b_abs,1252
1772236732,mosquitto,chatafl_opt,1,l_per,20.1
1772236732,mosquitto,chatafl_opt,1,l_abs,2296
1772236732,mosquitto,chatafl_opt,1,b_per,14.2
1772236732,mosquitto,chatafl_opt,1,b_abs,1252
1772236735,mosquitto,chatafl_opt,1,l_per,20.1
1772236735,mosquitto,chatafl_opt,1,l_abs,2296
1772236735,mosquitto,chatafl_opt,1,b_per,14.2
1772236735,mosquitto,chatafl_opt,1,b_abs,1253
1772236739,mosquitto,chatafl_opt,1,l_per,20.1
1772236739,mosquitto,chatafl_opt,1,l_abs,2296
1772236739,mosquitto,chatafl_opt,1,b_per,14.2
1772236739,mosquitto,chatafl_opt,1,b_abs,1253
1772236740,mosquitto,chatafl_opt,1,l_per,20.1
1772236740,mosquitto,chatafl_opt,1,l_abs,2296
1772236740,mosquitto,chatafl_opt,1,b_per,14.2
1772236740,mosquitto,chatafl_opt,1,b_abs,1253
1772236743,mosquitto,chatafl_opt,1,l_per,20.1
1772236743,mosquitto,chatafl_opt,1,l_abs,2299
1772236743,mosquitto,chatafl_opt,1,b_per,14.2
1772236743,mosquitto,chatafl_opt,1,b_abs,1254
1772236746,mosquitto,chatafl_opt,1,l_per,20.1
1772236746,mosquitto,chatafl_opt,1,l_abs,2299
1772236746,mosquitto,chatafl_opt,1,b_per,14.2
1772236746,mosquitto,chatafl_opt,1,b_abs,1254
1772236750,mosquitto,chatafl_opt,1,l_per,20.1
1772236750,mosquitto,chatafl_opt,1,l_abs,2299
1772236750,mosquitto,chatafl_opt,1,b_per,14.2
1772236750,mosquitto,chatafl_opt,1,b_abs,1254
1772236757,mosquitto,chatafl_opt,1,l_per,20.1
1772236757,mosquitto,chatafl_opt,1,l_abs,2299
1772236757,mosquitto,chatafl_opt,1,b_per,14.2
1772236757,mosquitto,chatafl_opt,1,b_abs,1254
1772236767,mosquitto,chatafl_opt,1,l_per,20.1
1772236767,mosquitto,chatafl_opt,1,l_abs,2299
1772236767,mosquitto,chatafl_opt,1,b_per,14.2
1772236767,mosquitto,chatafl_opt,1,b_abs,1254
1772236777,mosquitto,chatafl_opt,1,l_per,20.1
1772236777,mosquitto,chatafl_opt,1,l_abs,2299
1772236777,mosquitto,chatafl_opt,1,b_per,14.2
1772236777,mosquitto,chatafl_opt,1,b_abs,1254
1772236781,mosquitto,chatafl_opt,1,l_per,20.1
1772236781,mosquitto,chatafl_opt,1,l_abs,2300
1772236781,mosquitto,chatafl_opt,1,b_per,14.2
1772236781,mosquitto,chatafl_opt,1,b_abs,1255
1772236792,mosquitto,chatafl_opt,1,l_per,20.2
1772236792,mosquitto,chatafl_opt,1,l_abs,2304
1772236792,mosquitto,chatafl_opt,1,b_per,14.3
1772236792,mosquitto,chatafl_opt,1,b_abs,1257
1772236804,mosquitto,chatafl_opt,1,l_per,20.2
1772236804,mosquitto,chatafl_opt,1,l_abs,2304
1772236804,mosquitto,chatafl_opt,1,b_per,14.3
1772236804,mosquitto,chatafl_opt,1,b_abs,1257
1772236806,mosquitto,chatafl_opt,1,l_per,20.2
1772236806,mosquitto,chatafl_opt,1,l_abs,2306
1772236806,mosquitto,chatafl_opt,1,b_per,14.3
1772236806,mosquitto,chatafl_opt,1,b_abs,1259
1772236813,mosquitto,chatafl_opt,1,l_per,20.2
1772236813,mosquitto,chatafl_opt,1,l_abs,2306
1772236813,mosquitto,chatafl_opt,1,b_per,14.3
1772236813,mosquitto,chatafl_opt,1,b_abs,1259
1772236814,mosquitto,chatafl_opt,1,l_per,20.2
1772236814,mosquitto,chatafl_opt,1,l_abs,2306
1772236814,mosquitto,chatafl_opt,1,b_per,14.3
1772236814,mosquitto,chatafl_opt,1,b_abs,1259
1772236818,mosquitto,chatafl_opt,1,l_per,20.4
1772236818,mosquitto,chatafl_opt,1,l_abs,2332
1772236818,mosquitto,chatafl_opt,1,b_per,14.4
1772236818,mosquitto,chatafl_opt,1,b_abs,1270
1772236820,mosquitto,chatafl_opt,1,l_per,20.4
1772236820,mosquitto,chatafl_opt,1,l_abs,2332
1772236820,mosquitto,chatafl_opt,1,b_per,14.4
1772236820,mosquitto,chatafl_opt,1,b_abs,1270
1772236820,mosquitto,chatafl_opt,1,l_per,20.4
1772236820,mosquitto,chatafl_opt,1,l_abs,2335
1772236820,mosquitto,chatafl_opt,1,b_per,14.4
1772236820,mosquitto,chatafl_opt,1,b_abs,1271
1772236826,mosquitto,chatafl_opt,1,l_per,20.4
1772236826,mosquitto,chatafl_opt,1,l_abs,2335
1772236826,mosquitto,chatafl_opt,1,b_per,14.4
1772236826,mosquitto,chatafl_opt,1,b_abs,1271
1772236837,mosquitto,chatafl_opt,1,l_per,20.4
1772236837,mosquitto,chatafl_opt,1,l_abs,2335
1772236837,mosquitto,chatafl_opt,1,b_per,14.4
1772236837,mosquitto,chatafl_opt,1,b_abs,1271
1772236854,mosquitto,chatafl_opt,1,l_per,20.5
1772236854,mosquitto,chatafl_opt,1,l_abs,2338
1772236854,mosquitto,chatafl_opt,1,b_per,14.5
1772236854,mosquitto,chatafl_opt,1,b_abs,1274
1772236855,mosquitto,chatafl_opt,1,l_per,20.5
1772236855,mosquitto,chatafl_opt,1,l_abs,2338
1772236855,mosquitto,chatafl_opt,1,b_per,14.5
1772236855,mosquitto,chatafl_opt,1,b_abs,1274
1772236857,mosquitto,chatafl_opt,1,l_per,20.5
1772236857,mosquitto,chatafl_opt,1,l_abs,2338
1772236857,mosquitto,chatafl_opt,1,b_per,14.5
1772236857,mosquitto,chatafl_opt,1,b_abs,1274
1772236868,mosquitto,chatafl_opt,1,l_per,20.5
1772236868,mosquitto,chatafl_opt,1,l_abs,2338
1772236868,mosquitto,chatafl_opt,1,b_per,14.5
1772236868,mosquitto,chatafl_opt,1,b_abs,1274
1772236871,mosquitto,chatafl_opt,1,l_per,20.5
1772236871,mosquitto,chatafl_opt,1,l_abs,2338
1772236871,mosquitto,chatafl_opt,1,b_per,14.5
1772236871,mosquitto,chatafl_opt,1,b_abs,1274
1772236874,mosquitto,chatafl_opt,1,l_per,20.5
1772236874,mosquitto,chatafl_opt,1,l_abs,2338
1772236874,mosquitto,chatafl_opt,1,b_per,14.5
1772236874,mosquitto,chatafl_opt,1,b_abs,1274
1772236878,mosquitto,chatafl_opt,1,l_per,20.5
1772236878,mosquitto,chatafl_opt,1,l_abs,2338
1772236878,mosquitto,chatafl_opt,1,b_per,14.5
1772236878,mosquitto,chatafl_opt,1,b_abs,1274
1772236880,mosquitto,chatafl_opt,1,l_per,20.5
1772236880,mosquitto,chatafl_opt,1,l_abs,2338
1772236880,mosquitto,chatafl_opt,1,b_per,14.5
1772236880,mosquitto,chatafl_opt,1,b_abs,1274
1772236904,mosquitto,chatafl_opt,1,l_per,20.5
1772236904,mosquitto,chatafl_opt,1,l_abs,2338
1772236904,mosquitto,chatafl_opt,1,b_per,14.5
1772236904,mosquitto,chatafl_opt,1,b_abs,1274
1772236914,mosquitto,chatafl_opt,1,l_per,20.5
1772236914,mosquitto,chatafl_opt,1,l_abs,2338
1772236914,mosquitto,chatafl_opt,1,b_per,14.5
1772236914,mosquitto,chatafl_opt,1,b_abs,1274
1772236924,mosquitto,chatafl_opt,1,l_per,20.5
1772236924,mosquitto,chatafl_opt,1,l_abs,2341
1772236924,mosquitto,chatafl_opt,1,b_per,14.5
1772236924,mosquitto,chatafl_opt,1,b_abs,1275
1772236926,mosquitto,chatafl_opt,1,l_per,20.5
1772236926,mosquitto,chatafl_opt,1,l_abs,2343
1772236926,mosquitto,chatafl_opt,1,b_per,14.5
1772236926,mosquitto,chatafl_opt,1,b_abs,1277
1772236928,mosquitto,chatafl_opt,1,l_per,20.5
1772236928,mosquitto,chatafl_opt,1,l_abs,2343
1772236928,mosquitto,chatafl_opt,1,b_per,14.5
1772236928,mosquitto,chatafl_opt,1,b_abs,1277
1772236939,mosquitto,chatafl_opt,1,l_per,20.5
1772236939,mosquitto,chatafl_opt,1,l_abs,2343
1772236939,mosquitto,chatafl_opt,1,b_per,14.5
1772236939,mosquitto,chatafl_opt,1,b_abs,1277
1772236952,mosquitto,chatafl_opt,1,l_per,20.5
1772236952,mosquitto,chatafl_opt,1,l_abs,2343
1772236952,mosquitto,chatafl_opt,1,b_per,14.5
1772236952,mosquitto,chatafl_opt,1,b_abs,1278
1772236954,mosquitto,chatafl_opt,1,l_per,20.5
1772236954,mosquitto,chatafl_opt,1,l_abs,2343
1772236954,mosquitto,chatafl_opt,1,b_per,14.5
1772236954,mosquitto,chatafl_opt,1,b_abs,1279
1772236966,mosquitto,chatafl_opt,1,l_per,20.5
1772236966,mosquitto,chatafl_opt,1,l_abs,2343
1772236966,mosquitto,chatafl_opt,1,b_per,14.5
1772236966,mosquitto,chatafl_opt,1,b_abs,1279
1772236979,mosquitto,chatafl_opt,1,l_per,20.5
1772236979,mosquitto,chatafl_opt,1,l_abs,2343
1772236979,mosquitto,chatafl_opt,1,b_per,14.5
1772236979,mosquitto,chatafl_opt,1,b_abs,1279
1772236992,mosquitto,chatafl_opt,1,l_per,20.5
1772236992,mosquitto,chatafl_opt,1,l_abs,2343
1772236992,mosquitto,chatafl_opt,1,b_per,14.5
1772236992,mosquitto,chatafl_opt,1,b_abs,1279
1772236999,mosquitto,chatafl_opt,1,l_per,20.5
1772236999,mosquitto,chatafl_opt,1,l_abs,2346
1772236999,mosquitto,chatafl_opt,1,b_per,14.5
1772236999,mosquitto,chatafl_opt,1,b_abs,1280
1772237003,mosquitto,chatafl_opt,1,l_per,20.5
1772237003,mosquitto,chatafl_opt,1,l_abs,2346
1772237003,mosquitto,chatafl_opt,1,b_per,14.5
1772237003,mosquitto,chatafl_opt,1,b_abs,1280
1772237022,mosquitto,chatafl_opt,1,l_per,20.5
1772237022,mosquitto,chatafl_opt,1,l_abs,2346
1772237022,mosquitto,chatafl_opt,1,b_per,14.5
1772237022,mosquitto,chatafl_opt,1,b_abs,1280
1772237023,mosquitto,chatafl_opt,1,l_per,20.5
1772237023,mosquitto,chatafl_opt,1,l_abs,2346
1772237023,mosquitto,chatafl_opt,1,b_per,14.5
1772237023,mosquitto,chatafl_opt,1,b_abs,1280
1772237032,mosquitto,chatafl_opt,1,l_per,20.5
1772237032,mosquitto,chatafl_opt,1,l_abs,2346
1772237032,mosquitto,chatafl_opt,1,b_per,14.5
1772237032,mosquitto,chatafl_opt,1,b_abs,1280
1772237032,mosquitto,chatafl_opt,1,l_per,20.5
1772237032,mosquitto,chatafl_opt,1,l_abs,2346
1772237032,mosquitto,chatafl_opt,1,b_per,14.5
1772237032,mosquitto,chatafl_opt,1,b_abs,1280
1772237034,mosquitto,chatafl_opt,1,l_per,20.5
1772237034,mosquitto,chatafl_opt,1,l_abs,2346
1772237034,mosquitto,chatafl_opt,1,b_per,14.5
1772237034,mosquitto,chatafl_opt,1,b_abs,1280
1772237049,mosquitto,chatafl_opt,1,l_per,20.5
1772237049,mosquitto,chatafl_opt,1,l_abs,2346
1772237049,mosquitto,chatafl_opt,1,b_per,14.5
1772237049,mosquitto,chatafl_opt,1,b_abs,1280
1772237053,mosquitto,chatafl_opt,1,l_per,20.5
1772237053,mosquitto,chatafl_opt,1,l_abs,2346
1772237053,mosquitto,chatafl_opt,1,b_per,14.5
1772237053,mosquitto,chatafl_opt,1,b_abs,1280
1772237059,mosquitto,chatafl_opt,1,l_per,20.6
1772237059,mosquitto,chatafl_opt,1,l_abs,2353
1772237059,mosquitto,chatafl_opt,1,b_per,14.6
1772237059,mosquitto,chatafl_opt,1,b_abs,1286
1772237064,mosquitto,chatafl_opt,1,l_per,20.6
1772237064,mosquitto,chatafl_opt,1,l_abs,2353
1772237064,mosquitto,chatafl_opt,1,b_per,14.6
1772237064,mosquitto,chatafl_opt,1,b_abs,1286
1772237077,mosquitto,chatafl_opt,1,l_per,20.6
1772237077,mosquitto,chatafl_opt,1,l_abs,2353
1772237077,mosquitto,chatafl_opt,1,b_per,14.6
1772237077,mosquitto,chatafl_opt,1,b_abs,1286
1772237078,mosquitto,chatafl_opt,1,l_per,20.6
1772237078,mosquitto,chatafl_opt,1,l_abs,2353
1772237078,mosquitto,chatafl_opt,1,b_per,14.6
1772237078,mosquitto,chatafl_opt,1,b_abs,1286
1772237081,mosquitto,chatafl_opt,1,l_per,20.6
1772237081,mosquitto,chatafl_opt,1,l_abs,2353
1772237081,mosquitto,chatafl_opt,1,b_per,14.6
1772237081,mosquitto,chatafl_opt,1,b_abs,1286
1772237097,mosquitto,chatafl_opt,1,l_per,20.6
1772237097,mosquitto,chatafl_opt,1,l_abs,2353
1772237097,mosquitto,chatafl_opt,1,b_per,14.6
1772237097,mosquitto,chatafl_opt,1,b_abs,1286
1772237107,mosquitto,chatafl_opt,1,l_per,20.6
1772237107,mosquitto,chatafl_opt,1,l_abs,2353
1772237107,mosquitto,chatafl_opt,1,b_per,14.6
1772237107,mosquitto,chatafl_opt,1,b_abs,1287
1772237109,mosquitto,chatafl_opt,1,l_per,20.6
1772237109,mosquitto,chatafl_opt,1,l_abs,2353
1772237109,mosquitto,chatafl_opt,1,b_per,14.6
1772237109,mosquitto,chatafl_opt,1,b_abs,1287
1772237123,mosquitto,chatafl_opt,1,l_per,20.6
1772237123,mosquitto,chatafl_opt,1,l_abs,2353
1772237123,mosquitto,chatafl_opt,1,b_per,14.6
1772237123,mosquitto,chatafl_opt,1,b_abs,1287
1772237127,mosquitto,chatafl_opt,1,l_per,20.6
1772237127,mosquitto,chatafl_opt,1,l_abs,2356
1772237127,mosquitto,chatafl_opt,1,b_per,14.6
1772237127,mosquitto,chatafl_opt,1,b_abs,1288
1772237140,mosquitto,chatafl_opt,1,l_per,20.6
1772237140,mosquitto,chatafl_opt,1,l_abs,2356
1772237140,mosquitto,chatafl_opt,1,b_per,14.6
1772237140,mosquitto,chatafl_opt,1,b_abs,1288
1772237146,mosquitto,chatafl_opt,1,l_per,20.6
1772237146,mosquitto,chatafl_opt,1,l_abs,2356
1772237146,mosquitto,chatafl_opt,1,b_per,14.6
1772237146,mosquitto,chatafl_opt,1,b_abs,1288
1772237160,mosquitto,chatafl_opt,1,l_per,20.6
1772237160,mosquitto,chatafl_opt,1,l_abs,2356
1772237160,mosquitto,chatafl_opt,1,b_per,14.6
1772237160,mosquitto,chatafl_opt,1,b_abs,1288
1772237165,mosquitto,chatafl_opt,1,l_per,20.6
1772237165,mosquitto,chatafl_opt,1,l_abs,2356
1772237165,mosquitto,chatafl_opt,1,b_per,14.6
1772237165,mosquitto,chatafl_opt,1,b_abs,1288
1772237173,mosquitto,chatafl_opt,1,l_per,20.6
1772237173,mosquitto,chatafl_opt,1,l_abs,2356
1772237173,mosquitto,chatafl_opt,1,b_per,14.6
1772237173,mosquitto,chatafl_opt,1,b_abs,1288
1772237185,mosquitto,chatafl_opt,1,l_per,20.6
1772237185,mosquitto,chatafl_opt,1,l_abs,2356
1772237185,mosquitto,chatafl_opt,1,b_per,14.6
1772237185,mosquitto,chatafl_opt,1,b_abs,1288
1772237191,mosquitto,chatafl_opt,1,l_per,20.6
1772237191,mosquitto,chatafl_opt,1,l_abs,2356
1772237191,mosquitto,chatafl_opt,1,b_per,14.6
1772237191,mosquitto,chatafl_opt,1,b_abs,1288
1772237194,mosquitto,chatafl_opt,1,l_per,20.6
1772237194,mosquitto,chatafl_opt,1,l_abs,2356
1772237194,mosquitto,chatafl_opt,1,b_per,14.6
1772237194,mosquitto,chatafl_opt,1,b_abs,1288
1772237201,mosquitto,chatafl_opt,1,l_per,20.6
1772237201,mosquitto,chatafl_opt,1,l_abs,2356
1772237201,mosquitto,chatafl_opt,1,b_per,14.6
1772237201,mosquitto,chatafl_opt,1,b_abs,1288
1772237216,mosquitto,chatafl_opt,1,l_per,20.6
1772237216,mosquitto,chatafl_opt,1,l_abs,2356
1772237216,mosquitto,chatafl_opt,1,b_per,14.6
1772237216,mosquitto,chatafl_opt,1,b_abs,1288
1772237232,mosquitto,chatafl_opt,1,l_per,20.6
1772237232,mosquitto,chatafl_opt,1,l_abs,2356
1772237232,mosquitto,chatafl_opt,1,b_per,14.6
1772237232,mosquitto,chatafl_opt,1,b_abs,1288
1772237238,mosquitto,chatafl_opt,1,l_per,20.6
1772237238,mosquitto,chatafl_opt,1,l_abs,2356
1772237238,mosquitto,chatafl_opt,1,b_per,14.6
1772237238,mosquitto,chatafl_opt,1,b_abs,1288
1772237255,mosquitto,chatafl_opt,1,l_per,20.6
1772237255,mosquitto,chatafl_opt,1,l_abs,2356
1772237255,mosquitto,chatafl_opt,1,b_per,14.6
1772237255,mosquitto,chatafl_opt,1,b_abs,1288
1772237261,mosquitto,chatafl_opt,1,l_per,20.6
1772237261,mosquitto,chatafl_opt,1,l_abs,2356
1772237261,mosquitto,chatafl_opt,1,b_per,14.6
1772237261,mosquitto,chatafl_opt,1,b_abs,1288
